City,AvgTemp
barcelona,61.78984408835005
bilbao,59.173121887854684
madrid,58.91773111062988
